state,energy_j,duration_s,avg_power_w,energy_wh
ACTUATOR_CONTROL,1668.6179999999997,266.0,6.273,0.46350499999999994
MMWAVE_CHECK,21.065,5.0,4.213,0.0058513888888888895
PIR_CAMERA_CHECK,3.916,1.0,3.916,0.0010877777777777778
THERMAL_PREDICTION,3.413,1.0,3.413,0.0009480555555555555
UWB_DEPARTURE_CHECK,89.96399999999997,28.0,3.213,0.02498999999999999
